"1","3M Company","MMM","Industrials","NYQ"
"2","A. O. Smith Corporation","AOS","Industrials","NYQ"
"3","Abbott Laboratories","ABT","Healthcare","NYQ"
"4","AbbVie Inc.","ABBV","Healthcare","NYQ"
"5","Accenture plc","ACN","Technology","NYQ"
"6","Adobe Inc.","ADBE","Technology","NMS"
"7","Advanced Micro Devices, Inc.","AMD","Technology","NMS"
"8","The AES Corporation","AES","Utilities","NYQ"
"9","Aflac Incorporated","AFL","Financial Services","NYQ"
"10","Agilent Technologies, Inc.","A","Healthcare","NYQ"
"11","Air Products and Chemicals, Inc.","APD","Basic Materials","NYQ"
"12","Airbnb, Inc.","ABNB","Consumer Cyclical","NMS"
"13","Akamai Technologies, Inc.","AKAM","Technology","NMS"
"14","Albemarle Corporation","ALB","Basic Materials","NYQ"
"15","Alexandria Real Estate Equities, Inc.","ARE","Real Estate","NYQ"
"16","Align Technology, Inc.","ALGN","Healthcare","NMS"
"17","Allegion plc","ALLE","Industrials","NYQ"
"18","Alliant Energy Corporation","LNT","Utilities","NMS"
"19","The Allstate Corporation","ALL","Financial Services","NYQ"
"20","Alphabet Inc.","GOOGL","Communication Services","NMS"
"21","Alphabet Inc.","GOOG","Communication Services","NMS"
"22","Altria Group, Inc.","MO","Consumer Defensive","NYQ"
"23","Amazon.com, Inc.","AMZN","Consumer Cyclical","NMS"
"24","Amcor plc","AMCR","Consumer Cyclical","NYQ"
"25","Ameren Corporation","AEE","Utilities","NYQ"
"26","American Electric Power Company, Inc.","AEP","Utilities","NMS"
"27","American Express Company","AXP","Financial Services","NYQ"
"28","American International Group, Inc.","AIG","Financial Services","NYQ"
"29","American Tower Corporation","AMT","Real Estate","NYQ"
"30","American Water Works Company, Inc.","AWK","Utilities","NYQ"
"31","Ameriprise Financial, Inc.","AMP","Financial Services","NYQ"
"32","AMETEK, Inc.","AME","Industrials","NYQ"
"33","Amgen Inc.","AMGN","Healthcare","NMS"
"34","Amphenol Corporation","APH","Technology","NYQ"
"35","Analog Devices, Inc.","ADI","Technology","NMS"
"36","ANSYS, Inc.","ANSS","Technology","NMS"
"37","Aon plc","AON","Financial Services","NYQ"
"38","APA Corporation","APA","Energy","NMS"
"39","Apollo Global Management, Inc.","APO","Financial Services","NYQ"
"40","Apple Inc.","AAPL","Technology","NMS"
"41","Applied Materials, Inc.","AMAT","Technology","NMS"
"42","Aptiv PLC","APTV","Consumer Cyclical","NYQ"
"43","Arch Capital Group Ltd.","ACGL","Financial Services","NMS"
"44","Archer-Daniels-Midland Company","ADM","Consumer Defensive","NYQ"
"45","Arista Networks Inc","ANET","Technology","NYQ"
"46","Arthur J. Gallagher & Co.","AJG","Financial Services","NYQ"
"47","Assurant, Inc.","AIZ","Financial Services","NYQ"
"48","AT&T Inc.","T","Communication Services","NYQ"
"49","Atmos Energy Corporation","ATO","Utilities","NYQ"
"50","Autodesk, Inc.","ADSK","Technology","NMS"
"51","Automatic Data Processing, Inc.","ADP","Technology","NMS"
"52","AutoZone, Inc.","AZO","Consumer Cyclical","NYQ"
"53","AvalonBay Communities, Inc.","AVB","Real Estate","NYQ"
"54","Avery Dennison Corporation","AVY","Consumer Cyclical","NYQ"
"55","Axon Enterprise, Inc.","AXON","Industrials","NMS"
"56","Baker Hughes Company","BKR","Energy","NMS"
"57","Ball Corporation","BALL","Consumer Cyclical","NYQ"
"58","Bank of America Corporation","BAC","Financial Services","NYQ"
"59","Baxter International Inc.","BAX","Healthcare","NYQ"
"60","Becton, Dickinson and Company","BDX","Healthcare","NYQ"
"61","","BRK.B","",""
"62","Best Buy Co., Inc.","BBY","Consumer Cyclical","NYQ"
"63","Bio-Techne Corporation","TECH","Healthcare","NMS"
"64","Biogen Inc.","BIIB","Healthcare","NMS"
"65","BlackRock, Inc.","BLK","Financial Services","NYQ"
"66","Blackstone Inc.","BX","Financial Services","NYQ"
"67","The Bank of New York Mellon Corporation","BK","Financial Services","NYQ"
"68","The Boeing Company","BA","Industrials","NYQ"
"69","Booking Holdings Inc.","BKNG","Consumer Cyclical","NMS"
"70","Boston Scientific Corporation","BSX","Healthcare","NYQ"
"71","Bristol-Myers Squibb Company","BMY","Healthcare","NYQ"
"72","Broadcom Inc.","AVGO","Technology","NMS"
"73","Broadridge Financial Solutions, Inc.","BR","Technology","NYQ"
"74","Brown & Brown, Inc.","BRO","Financial Services","NYQ"
"75","","BF.B","","YHD"
"76","Builders FirstSource, Inc.","BLDR","Industrials","NYQ"
"77","Bunge Global SA","BG","Consumer Defensive","NYQ"
"78","BXP, Inc.","BXP","Real Estate","NYQ"
"79","C.H. Robinson Worldwide, Inc.","CHRW","Industrials","NMS"
"80","Cadence Design Systems, Inc.","CDNS","Technology","NMS"
"81","Caesars Entertainment, Inc.","CZR","Consumer Cyclical","NMS"
"82","Camden Property Trust","CPT","Real Estate","NYQ"
"83","The Campbell's Company","CPB","Consumer Defensive","NMS"
"84","Capital One Financial Corporation","COF","Financial Services","NYQ"
"85","Cardinal Health, Inc.","CAH","Healthcare","NYQ"
"86","CarMax, Inc.","KMX","Consumer Cyclical","NYQ"
"87","Carnival Corporation & plc","CCL","Consumer Cyclical","NYQ"
"88","Carrier Global Corporation","CARR","Industrials","NYQ"
"89","Caterpillar Inc.","CAT","Industrials","NYQ"
"90","Cboe Global Markets, Inc.","CBOE","Financial Services","BTS"
"91","CBRE Group, Inc.","CBRE","Real Estate","NYQ"
"92","CDW Corporation","CDW","Technology","NMS"
"93","Cencora, Inc.","COR","Healthcare","NYQ"
"94","Centene Corporation","CNC","Healthcare","NYQ"
"95","CenterPoint Energy, Inc.","CNP","Utilities","NYQ"
"96","CF Industries Holdings, Inc.","CF","Basic Materials","NYQ"
"97","Charles River Laboratories International, Inc.","CRL","Healthcare","NYQ"
"98","The Charles Schwab Corporation","SCHW","Financial Services","NYQ"
"99","Charter Communications, Inc.","CHTR","Communication Services","NMS"
"100","Chevron Corporation","CVX","Energy","NYQ"
"101","Chipotle Mexican Grill, Inc.","CMG","Consumer Cyclical","NYQ"
"102","Chubb Limited","CB","Financial Services","NYQ"
"103","Church & Dwight Co., Inc.","CHD","Consumer Defensive","NYQ"
"104","The Cigna Group","CI","Healthcare","NYQ"
"105","Cincinnati Financial Corporation","CINF","Financial Services","NMS"
"106","Cintas Corporation","CTAS","Industrials","NMS"
"107","Cisco Systems, Inc.","CSCO","Technology","NMS"
"108","Citigroup Inc.","C","Financial Services","NYQ"
"109","Citizens Financial Group, Inc.","CFG","Financial Services","NYQ"
"110","The Clorox Company","CLX","Consumer Defensive","NYQ"
"111","CME Group Inc.","CME","Financial Services","NMS"
"112","CMS Energy Corporation","CMS","Utilities","NYQ"
"113","The Coca-Cola Company","KO","Consumer Defensive","NYQ"
"114","Cognizant Technology Solutions Corporation","CTSH","Technology","NMS"
"115","Colgate-Palmolive Company","CL","Consumer Defensive","NYQ"
"116","Comcast Corporation","CMCSA","Communication Services","NMS"
"117","Conagra Brands, Inc.","CAG","Consumer Defensive","NYQ"
"118","ConocoPhillips","COP","Energy","NYQ"
"119","Consolidated Edison, Inc.","ED","Utilities","NYQ"
"120","Constellation Brands, Inc.","STZ","Consumer Defensive","NYQ"
"121","Constellation Energy Corporation","CEG","Utilities","NMS"
"122","The Cooper Companies, Inc.","COO","Healthcare","NMS"
"123","Copart, Inc.","CPRT","Industrials","NMS"
"124","Corning Incorporated","GLW","Technology","NYQ"
"125","Corpay, Inc.","CPAY","Technology","NYQ"
"126","Corteva, Inc.","CTVA","Basic Materials","NYQ"
"127","CoStar Group, Inc.","CSGP","Real Estate","NMS"
"128","Costco Wholesale Corporation","COST","Consumer Defensive","NMS"
"129","Coterra Energy Inc.","CTRA","Energy","NYQ"
"130","CrowdStrike Holdings, Inc.","CRWD","Technology","NMS"
"131","Crown Castle Inc.","CCI","Real Estate","NYQ"
"132","CSX Corporation","CSX","Industrials","NMS"
"133","Cummins Inc.","CMI","Industrials","NYQ"
"134","CVS Health Corporation","CVS","Healthcare","NYQ"
"135","Danaher Corporation","DHR","Healthcare","NYQ"
"136","Darden Restaurants, Inc.","DRI","Consumer Cyclical","NYQ"
"137","DaVita Inc.","DVA","Healthcare","NYQ"
"138","Dayforce Inc","DAY","Technology","NYQ"
"139","Deckers Outdoor Corporation","DECK","Consumer Cyclical","NYQ"
"140","Deere & Company","DE","Industrials","NYQ"
"141","Dell Technologies Inc.","DELL","Technology","NYQ"
"142","Delta Air Lines, Inc.","DAL","Industrials","NYQ"
"143","Devon Energy Corporation","DVN","Energy","NYQ"
"144","DexCom, Inc.","DXCM","Healthcare","NMS"
"145","Diamondback Energy, Inc.","FANG","Energy","NMS"
"146","Digital Realty Trust, Inc.","DLR","Real Estate","NYQ"
"147","Discover Financial Services","DFS","Financial Services","NYQ"
"148","Dollar General Corporation","DG","Consumer Defensive","NYQ"
"149","Dollar Tree, Inc.","DLTR","Consumer Defensive","NMS"
"150","Dominion Energy, Inc.","D","Utilities","NYQ"
"151","Domino's Pizza, Inc.","DPZ","Consumer Cyclical","NMS"
"152","DoorDash, Inc.","DASH","Communication Services","NMS"
"153","Dover Corporation","DOV","Industrials","NYQ"
"154","Dow Inc.","DOW","Basic Materials","NYQ"
"155","D.R. Horton, Inc.","DHI","Consumer Cyclical","NYQ"
"156","DTE Energy Company","DTE","Utilities","NYQ"
"157","Duke Energy Corporation","DUK","Utilities","NYQ"
"158","DuPont de Nemours, Inc.","DD","Basic Materials","NYQ"
"159","Eastman Chemical Company","EMN","Basic Materials","NYQ"
"160","Eaton Corporation plc","ETN","Industrials","NYQ"
"161","eBay Inc.","EBAY","Consumer Cyclical","NMS"
"162","Ecolab Inc.","ECL","Basic Materials","NYQ"
"163","Edison International","EIX","Utilities","NYQ"
"164","Edwards Lifesciences Corporation","EW","Healthcare","NYQ"
"165","Electronic Arts Inc.","EA","Communication Services","NMS"
"166","Elevance Health, Inc.","ELV","Healthcare","NYQ"
"167","Emerson Electric Co.","EMR","Industrials","NYQ"
"168","Enphase Energy, Inc.","ENPH","Technology","NGM"
"169","Entergy Corporation","ETR","Utilities","NYQ"
"170","EOG Resources, Inc.","EOG","Energy","NYQ"
"171","EPAM Systems, Inc.","EPAM","Technology","NYQ"
"172","EQT Corporation","EQT","Energy","NYQ"
"173","Equifax Inc.","EFX","Industrials","NYQ"
"174","Equinix, Inc.","EQIX","Real Estate","NMS"
"175","Equity Residential","EQR","Real Estate","NYQ"
"176","Erie Indemnity Company","ERIE","Financial Services","NMS"
"177","Essex Property Trust, Inc.","ESS","Real Estate","NYQ"
"178","The Est√©e Lauder Companies Inc.","EL","Consumer Defensive","NYQ"
"179","Everest Group, Ltd.","EG","Financial Services","NYQ"
"180","Evergy, Inc.","EVRG","Utilities","NMS"
"181","Eversource Energy","ES","Utilities","NYQ"
"182","Exelon Corporation","EXC","Utilities","NMS"
"183","Expand Energy Corporation","EXE","Energy","NMS"
"184","Expedia Group, Inc.","EXPE","Consumer Cyclical","NMS"
"185","Expeditors International of Washington, Inc.","EXPD","Industrials","NYQ"
"186","Extra Space Storage Inc.","EXR","Real Estate","NYQ"
"187","Exxon Mobil Corporation","XOM","Energy","NYQ"
"188","F5, Inc.","FFIV","Technology","NMS"
"189","FactSet Research Systems Inc.","FDS","Financial Services","NYQ"
"190","Fair Isaac Corporation","FICO","Technology","NYQ"
"191","Fastenal Company","FAST","Industrials","NMS"
"192","Federal Realty Investment Trust","FRT","Real Estate","NYQ"
"193","FedEx Corporation","FDX","Industrials","NYQ"
"194","Fidelity National Information Services, Inc.","FIS","Technology","NYQ"
"195","Fifth Third Bancorp","FITB","Financial Services","NMS"
"196","First Solar, Inc.","FSLR","Technology","NMS"
"197","FirstEnergy Corp.","FE","Utilities","NYQ"
"198","Fiserv, Inc.","FI","Technology","NYQ"
"199","Ford Motor Company","F","Consumer Cyclical","NYQ"
"200","Fortinet, Inc.","FTNT","Technology","NMS"
"201","Fortive Corporation","FTV","Technology","NYQ"
"202","Fox Corporation","FOXA","Communication Services","NMS"
"203","Fox Corporation","FOX","Communication Services","NMS"
"204","Franklin Resources, Inc.","BEN","Financial Services","NYQ"
"205","Freeport-McMoRan Inc.","FCX","Basic Materials","NYQ"
"206","Garmin Ltd.","GRMN","Technology","NYQ"
"207","Gartner, Inc.","IT","Technology","NYQ"
"208","GE Aerospace","GE","Industrials","NYQ"
"209","GE HealthCare Technologies Inc.","GEHC","Healthcare","NMS"
"210","GE Vernova Inc.","GEV","Utilities","NYQ"
"211","Gen Digital Inc.","GEN","Technology","NMS"
"212","Generac Holdings Inc.","GNRC","Industrials","NYQ"
"213","General Dynamics Corporation","GD","Industrials","NYQ"
"214","General Mills, Inc.","GIS","Consumer Defensive","NYQ"
"215","General Motors Company","GM","Consumer Cyclical","NYQ"
"216","Genuine Parts Company","GPC","Consumer Cyclical","NYQ"
"217","Gilead Sciences, Inc.","GILD","Healthcare","NMS"
"218","Global Payments Inc.","GPN","Industrials","NYQ"
"219","Globe Life Inc.","GL","Financial Services","NYQ"
"220","GoDaddy Inc.","GDDY","Technology","NYQ"
"221","The Goldman Sachs Group, Inc.","GS","Financial Services","NYQ"
"222","Halliburton Company","HAL","Energy","NYQ"
"223","The Hartford Insurance Group, Inc.","HIG","Financial Services","NYQ"
"224","Hasbro, Inc.","HAS","Consumer Cyclical","NMS"
"225","HCA Healthcare, Inc.","HCA","Healthcare","NYQ"
"226","Healthpeak Properties, Inc.","DOC","Real Estate","NYQ"
"227","Henry Schein, Inc.","HSIC","Healthcare","NMS"
"228","The Hershey Company","HSY","Consumer Defensive","NYQ"
"229","Hess Corporation","HES","Energy","NYQ"
"230","Hewlett Packard Enterprise Company","HPE","Technology","NYQ"
"231","Hilton Worldwide Holdings Inc.","HLT","Consumer Cyclical","NYQ"
"232","Hologic, Inc.","HOLX","Healthcare","NMS"
"233","The Home Depot, Inc.","HD","Consumer Cyclical","NYQ"
"234","Honeywell International Inc.","HON","Industrials","NMS"
"235","Hormel Foods Corporation","HRL","Consumer Defensive","NYQ"
"236","Host Hotels & Resorts, Inc.","HST","Real Estate","NMS"
"237","Howmet Aerospace Inc.","HWM","Industrials","NYQ"
"238","HP Inc.","HPQ","Technology","NYQ"
"239","Hubbell Incorporated","HUBB","Industrials","NYQ"
"240","Humana Inc.","HUM","Healthcare","NYQ"
"241","Huntington Bancshares Incorporated","HBAN","Financial Services","NMS"
"242","Huntington Ingalls Industries, Inc.","HII","Industrials","NYQ"
"243","International Business Machines Corporation","IBM","Technology","NYQ"
"244","IDEX Corporation","IEX","Industrials","NYQ"
"245","IDEXX Laboratories, Inc.","IDXX","Healthcare","NMS"
"246","Illinois Tool Works Inc.","ITW","Industrials","NYQ"
"247","Incyte Corporation","INCY","Healthcare","NMS"
"248","Ingersoll Rand Inc.","IR","Industrials","NYQ"
"249","Insulet Corporation","PODD","Healthcare","NMS"
"250","Intel Corporation","INTC","Technology","NMS"
"251","Intercontinental Exchange, Inc.","ICE","Financial Services","NYQ"
"252","International Flavors & Fragrances Inc.","IFF","Basic Materials","NYQ"
"253","International Paper Company","IP","Consumer Cyclical","NYQ"
"254","The Interpublic Group of Companies, Inc.","IPG","Communication Services","NYQ"
"255","Intuit Inc.","INTU","Technology","NMS"
"256","Intuitive Surgical, Inc.","ISRG","Healthcare","NMS"
"257","Invesco Ltd.","IVZ","Financial Services","NYQ"
"258","Invitation Homes Inc.","INVH","Real Estate","NYQ"
"259","IQVIA Holdings Inc.","IQV","Healthcare","NYQ"
"260","Iron Mountain Incorporated","IRM","Real Estate","NYQ"
"261","J.B. Hunt Transport Services, Inc.","JBHT","Industrials","NMS"
"262","Jabil Inc.","JBL","Technology","NYQ"
"263","Jack Henry & Associates, Inc.","JKHY","Technology","NMS"
"264","Jacobs Solutions Inc.","J","Industrials","NYQ"
"265","Johnson & Johnson","JNJ","Healthcare","NYQ"
"266","Johnson Controls International plc","JCI","Industrials","NYQ"
"267","JPMorgan Chase & Co.","JPM","Financial Services","NYQ"
"268","Juniper Networks, Inc.","JNPR","Technology","NYQ"
"269","Kellanova","K","Consumer Defensive","NYQ"
"270","Kenvue Inc.","KVUE","Consumer Defensive","NYQ"
"271","Keurig Dr Pepper Inc.","KDP","Consumer Defensive","NMS"
"272","KeyCorp","KEY","Financial Services","NYQ"
"273","Keysight Technologies, Inc.","KEYS","Technology","NYQ"
"274","Kimberly-Clark Corporation","KMB","Consumer Defensive","NYQ"
"275","Kimco Realty Corporation","KIM","Real Estate","NYQ"
"276","Kinder Morgan, Inc.","KMI","Energy","NYQ"
"277","KKR & Co. Inc.","KKR","Financial Services","NYQ"
"278","KLA Corporation","KLAC","Technology","NMS"
"279","The Kraft Heinz Company","KHC","Consumer Defensive","NMS"
"280","The Kroger Co.","KR","Consumer Defensive","NYQ"
"281","L3Harris Technologies, Inc.","LHX","Industrials","NYQ"
"282","Labcorp Holdings Inc.","LH","Healthcare","NYQ"
"283","Lam Research Corporation","LRCX","Technology","NMS"
"284","Lamb Weston Holdings, Inc.","LW","Consumer Defensive","NYQ"
"285","Las Vegas Sands Corp.","LVS","Consumer Cyclical","NYQ"
"286","Leidos Holdings, Inc.","LDOS","Technology","NYQ"
"287","Lennar Corporation","LEN","Consumer Cyclical","NYQ"
"288","Lennox International Inc.","LII","Industrials","NYQ"
"289","Eli Lilly and Company","LLY","Healthcare","NYQ"
"290","Linde plc","LIN","Basic Materials","NMS"
"291","Live Nation Entertainment, Inc.","LYV","Communication Services","NYQ"
"292","LKQ Corporation","LKQ","Consumer Cyclical","NMS"
"293","Lockheed Martin Corporation","LMT","Industrials","NYQ"
"294","Loews Corporation","L","Financial Services","NYQ"
"295","Lowe's Companies, Inc.","LOW","Consumer Cyclical","NYQ"
"296","lululemon athletica inc.","LULU","Consumer Cyclical","NMS"
"297","LyondellBasell Industries N.V.","LYB","Basic Materials","NYQ"
"298","M&T Bank Corporation","MTB","Financial Services","NYQ"
"299","Marathon Petroleum Corporation","MPC","Energy","NYQ"
"300","MarketAxess Holdings Inc.","MKTX","Financial Services","NMS"
"301","Marriott International, Inc.","MAR","Consumer Cyclical","NMS"
"302","Marsh & McLennan Companies, Inc.","MMC","Financial Services","NYQ"
"303","Martin Marietta Materials, Inc.","MLM","Basic Materials","NYQ"
"304","Masco Corporation","MAS","Industrials","NYQ"
"305","Mastercard Incorporated","MA","Financial Services","NYQ"
"306","Match Group, Inc.","MTCH","Communication Services","NMS"
"307","McCormick & Company, Incorporated","MKC","Consumer Defensive","NYQ"
"308","McDonald's Corporation","MCD","Consumer Cyclical","NYQ"
"309","McKesson Corporation","MCK","Healthcare","NYQ"
"310","Medtronic plc","MDT","Healthcare","NYQ"
"311","Merck & Co., Inc.","MRK","Healthcare","NYQ"
"312","Meta Platforms, Inc.","META","Communication Services","NMS"
"313","MetLife, Inc.","MET","Financial Services","NYQ"
"314","Mettler-Toledo International Inc.","MTD","Healthcare","NYQ"
"315","MGM Resorts International","MGM","Consumer Cyclical","NYQ"
"316","Microchip Technology Incorporated","MCHP","Technology","NMS"
"317","Micron Technology, Inc.","MU","Technology","NMS"
"318","Microsoft Corporation","MSFT","Technology","NMS"
"319","Mid-America Apartment Communities, Inc.","MAA","Real Estate","NYQ"
"320","Moderna, Inc.","MRNA","Healthcare","NMS"
"321","Mohawk Industries, Inc.","MHK","Consumer Cyclical","NYQ"
"322","Molina Healthcare, Inc.","MOH","Healthcare","NYQ"
"323","Molson Coors Beverage Company","TAP","Consumer Defensive","NYQ"
"324","Mondelez International, Inc.","MDLZ","Consumer Defensive","NMS"
"325","Monolithic Power Systems, Inc.","MPWR","Technology","NMS"
"326","Monster Beverage Corporation","MNST","Consumer Defensive","NMS"
"327","Moody's Corporation","MCO","Financial Services","NYQ"
"328","Morgan Stanley","MS","Financial Services","NYQ"
"329","The Mosaic Company","MOS","Basic Materials","NYQ"
"330","Motorola Solutions, Inc.","MSI","Technology","NYQ"
"331","MSCI Inc.","MSCI","Financial Services","NYQ"
"332","Nasdaq, Inc.","NDAQ","Financial Services","NMS"
"333","NetApp, Inc.","NTAP","Technology","NMS"
"334","Netflix, Inc.","NFLX","Communication Services","NMS"
"335","Newmont Corporation","NEM","Basic Materials","NYQ"
"336","News Corporation","NWSA","Communication Services","NMS"
"337","News Corporation","NWS","Communication Services","NMS"
"338","NextEra Energy, Inc.","NEE","Utilities","NYQ"
"339","NIKE, Inc.","NKE","Consumer Cyclical","NYQ"
"340","NiSource Inc.","NI","Utilities","NYQ"
"341","Nordson Corporation","NDSN","Industrials","NMS"
"342","Norfolk Southern Corporation","NSC","Industrials","NYQ"
"343","Northern Trust Corporation","NTRS","Financial Services","NMS"
"344","Northrop Grumman Corporation","NOC","Industrials","NYQ"
"345","Norwegian Cruise Line Holdings Ltd.","NCLH","Consumer Cyclical","NYQ"
"346","NRG Energy, Inc.","NRG","Utilities","NYQ"
"347","Nucor Corporation","NUE","Basic Materials","NYQ"
"348","NVIDIA Corporation","NVDA","Technology","NMS"
"349","NVR, Inc.","NVR","Consumer Cyclical","NYQ"
"350","NXP Semiconductors N.V.","NXPI","Technology","NMS"
"351","O'Reilly Automotive, Inc.","ORLY","Consumer Cyclical","NMS"
"352","Occidental Petroleum Corporation","OXY","Energy","NYQ"
"353","Old Dominion Freight Line, Inc.","ODFL","Industrials","NMS"
"354","Omnicom Group Inc.","OMC","Communication Services","NYQ"
"355","ON Semiconductor Corporation","ON","Technology","NMS"
"356","ONEOK, Inc.","OKE","Energy","NYQ"
"357","Oracle Corporation","ORCL","Technology","NYQ"
"358","Otis Worldwide Corporation","OTIS","Industrials","NYQ"
"359","PACCAR Inc","PCAR","Industrials","NMS"
"360","Packaging Corporation of America","PKG","Consumer Cyclical","NYQ"
"361","Palantir Technologies Inc.","PLTR","Technology","NMS"
"362","Palo Alto Networks, Inc.","PANW","Technology","NMS"
"363","Paramount Global","PARA","Communication Services","NMS"
"364","Parker-Hannifin Corporation","PH","Industrials","NYQ"
"365","Paychex, Inc.","PAYX","Technology","NMS"
"366","Paycom Software, Inc.","PAYC","Technology","NYQ"
"367","PayPal Holdings, Inc.","PYPL","Financial Services","NMS"
"368","Pentair plc","PNR","Industrials","NYQ"
"369","PepsiCo, Inc.","PEP","Consumer Defensive","NMS"
"370","Pfizer Inc.","PFE","Healthcare","NYQ"
"371","PG&E Corporation","PCG","Utilities","NYQ"
"372","Philip Morris International Inc.","PM","Consumer Defensive","NYQ"
"373","Phillips 66","PSX","Energy","NYQ"
"374","Pinnacle West Capital Corporation","PNW","Utilities","NYQ"
"375","The PNC Financial Services Group, Inc.","PNC","Financial Services","NYQ"
"376","Pool Corporation","POOL","Industrials","NMS"
"377","PPG Industries, Inc.","PPG","Basic Materials","NYQ"
"378","PPL Corporation","PPL","Utilities","NYQ"
"379","Principal Financial Group, Inc.","PFG","Financial Services","NMS"
"380","The Procter & Gamble Company","PG","Consumer Defensive","NYQ"
"381","The Progressive Corporation","PGR","Financial Services","NYQ"
"382","Prologis, Inc.","PLD","Real Estate","NYQ"
"383","Prudential Financial, Inc.","PRU","Financial Services","NYQ"
"384","Public Service Enterprise Group Incorporated","PEG","Utilities","NYQ"
"385","PTC Inc.","PTC","Technology","NMS"
"386","Public Storage","PSA","Real Estate","NYQ"
"387","PulteGroup, Inc.","PHM","Consumer Cyclical","NYQ"
"388","Quanta Services, Inc.","PWR","Industrials","NYQ"
"389","QUALCOMM Incorporated","QCOM","Technology","NMS"
"390","Quest Diagnostics Incorporated","DGX","Healthcare","NYQ"
"391","Ralph Lauren Corporation","RL","Consumer Cyclical","NYQ"
"392","Raymond James Financial, Inc.","RJF","Financial Services","NYQ"
"393","RTX Corporation","RTX","Industrials","NYQ"
"394","Realty Income Corporation","O","Real Estate","NYQ"
"395","Regency Centers Corporation","REG","Real Estate","NMS"
"396","Regeneron Pharmaceuticals, Inc.","REGN","Healthcare","NMS"
"397","Regions Financial Corporation","RF","Financial Services","NYQ"
"398","Republic Services, Inc.","RSG","Industrials","NYQ"
"399","ResMed Inc.","RMD","Healthcare","NYQ"
"400","Revvity, Inc.","RVTY","Healthcare","NYQ"
"401","Rockwell Automation, Inc.","ROK","Industrials","NYQ"
"402","Rollins, Inc.","ROL","Consumer Cyclical","NYQ"
"403","Roper Technologies, Inc.","ROP","Technology","NMS"
"404","Ross Stores, Inc.","ROST","Consumer Cyclical","NMS"
"405","Royal Caribbean Cruises Ltd.","RCL","Consumer Cyclical","NYQ"
"406","S&P Global Inc.","SPGI","Financial Services","NYQ"
"407","Salesforce, Inc.","CRM","Technology","NYQ"
"408","SBA Communications Corporation","SBAC","Real Estate","NMS"
"409","Schlumberger Limited","SLB","Energy","NYQ"
"410","Seagate Technology Holdings plc","STX","Technology","NMS"
"411","Sempra","SRE","Utilities","NYQ"
"412","ServiceNow, Inc.","NOW","Technology","NYQ"
"413","The Sherwin-Williams Company","SHW","Basic Materials","NYQ"
"414","Simon Property Group, Inc.","SPG","Real Estate","NYQ"
"415","Skyworks Solutions, Inc.","SWKS","Technology","NMS"
"416","The J. M. Smucker Company","SJM","Consumer Defensive","NYQ"
"417","Smurfit Westrock Plc","SW","Consumer Cyclical","NYQ"
"418","Snap-on Incorporated","SNA","Industrials","NYQ"
"419","Solventum Corporation","SOLV","Healthcare","NYQ"
"420","The Southern Company","SO","Utilities","NYQ"
"421","Southwest Airlines Co.","LUV","Industrials","NYQ"
"422","Stanley Black & Decker, Inc.","SWK","Industrials","NYQ"
"423","Starbucks Corporation","SBUX","Consumer Cyclical","NMS"
"424","State Street Corporation","STT","Financial Services","NYQ"
"425","Steel Dynamics, Inc.","STLD","Basic Materials","NMS"
"426","STERIS plc","STE","Healthcare","NYQ"
"427","Stryker Corporation","SYK","Healthcare","NYQ"
"428","Super Micro Computer, Inc.","SMCI","Technology","NMS"
"429","Synchrony Financial","SYF","Financial Services","NYQ"
"430","Synopsys, Inc.","SNPS","Technology","NMS"
"431","Sysco Corporation","SYY","Consumer Defensive","NYQ"
"432","T-Mobile US, Inc.","TMUS","Communication Services","NMS"
"433","T. Rowe Price Group, Inc.","TROW","Financial Services","NMS"
"434","Take-Two Interactive Software, Inc.","TTWO","Communication Services","NMS"
"435","Tapestry, Inc.","TPR","Consumer Cyclical","NYQ"
"436","Targa Resources Corp.","TRGP","Energy","NYQ"
"437","Target Corporation","TGT","Consumer Defensive","NYQ"
"438","TE Connectivity plc","TEL","Technology","NYQ"
"439","Teledyne Technologies Incorporated","TDY","Technology","NYQ"
"440","Teradyne, Inc.","TER","Technology","NMS"
"441","Tesla, Inc.","TSLA","Consumer Cyclical","NMS"
"442","Texas Instruments Incorporated","TXN","Technology","NMS"
"443","Texas Pacific Land Corporation","TPL","Energy","NYQ"
"444","Textron Inc.","TXT","Industrials","NYQ"
"445","Thermo Fisher Scientific Inc.","TMO","Healthcare","NYQ"
"446","The TJX Companies, Inc.","TJX","Consumer Cyclical","NYQ"
"447","TKO Group Holdings, Inc.","TKO","Communication Services","NYQ"
"448","Tractor Supply Company","TSCO","Consumer Cyclical","NMS"
"449","Trane Technologies plc","TT","Industrials","NYQ"
"450","TransDigm Group Incorporated","TDG","Industrials","NYQ"
"451","The Travelers Companies, Inc.","TRV","Financial Services","NYQ"
"452","Trimble Inc.","TRMB","Technology","NMS"
"453","Truist Financial Corporation","TFC","Financial Services","NYQ"
"454","Tyler Technologies, Inc.","TYL","Technology","NYQ"
"455","Tyson Foods, Inc.","TSN","Consumer Defensive","NYQ"
"456","U.S. Bancorp","USB","Financial Services","NYQ"
"457","Uber Technologies, Inc.","UBER","Technology","NYQ"
"458","UDR, Inc.","UDR","Real Estate","NYQ"
"459","Ulta Beauty, Inc.","ULTA","Consumer Cyclical","NMS"
"460","Union Pacific Corporation","UNP","Industrials","NYQ"
"461","United Airlines Holdings, Inc.","UAL","Industrials","NMS"
"462","United Parcel Service, Inc.","UPS","Industrials","NYQ"
"463","United Rentals, Inc.","URI","Industrials","NYQ"
"464","UnitedHealth Group Incorporated","UNH","Healthcare","NYQ"
"465","Universal Health Services, Inc.","UHS","Healthcare","NYQ"
"466","Valero Energy Corporation","VLO","Energy","NYQ"
"467","Ventas, Inc.","VTR","Real Estate","NYQ"
"468","Veralto Corporation","VLTO","Industrials","NYQ"
"469","VeriSign, Inc.","VRSN","Technology","NMS"
"470","Verisk Analytics, Inc.","VRSK","Industrials","NMS"
"471","Verizon Communications Inc.","VZ","Communication Services","NYQ"
"472","Vertex Pharmaceuticals Incorporated","VRTX","Healthcare","NMS"
"473","Viatris Inc.","VTRS","Healthcare","NMS"
"474","VICI Properties Inc.","VICI","Real Estate","NYQ"
"475","Visa Inc.","V","Financial Services","NYQ"
"476","Vistra Corp.","VST","Utilities","NYQ"
"477","Vulcan Materials Company","VMC","Basic Materials","NYQ"
"478","W. R. Berkley Corporation","WRB","Financial Services","NYQ"
"479","W.W. Grainger, Inc.","GWW","Industrials","NYQ"
"480","Westinghouse Air Brake Technologies Corporation","WAB","Industrials","NYQ"
"481","Walgreens Boots Alliance, Inc.","WBA","Healthcare","NMS"
"482","Walmart Inc.","WMT","Consumer Defensive","NYQ"
"483","The Walt Disney Company","DIS","Communication Services","NYQ"
"484","Warner Bros. Discovery, Inc.","WBD","Communication Services","NMS"
"485","Waste Management, Inc.","WM","Industrials","NYQ"
"486","Waters Corporation","WAT","Healthcare","NYQ"
"487","WEC Energy Group, Inc.","WEC","Utilities","NYQ"
"488","Wells Fargo & Company","WFC","Financial Services","NYQ"
"489","Welltower Inc.","WELL","Real Estate","NYQ"
"490","West Pharmaceutical Services, Inc.","WST","Healthcare","NYQ"
"491","Western Digital Corporation","WDC","Technology","NMS"
"492","Weyerhaeuser Company","WY","Real Estate","NYQ"
"493","Williams-Sonoma, Inc.","WSM","Consumer Cyclical","NYQ"
"494","The Williams Companies, Inc.","WMB","Energy","NYQ"
"495","Willis Towers Watson Public Limited Company","WTW","Financial Services","NMS"
"496","Workday, Inc.","WDAY","Technology","NMS"
"497","Wynn Resorts, Limited","WYNN","Consumer Cyclical","NMS"
"498","Xcel Energy Inc.","XEL","Utilities","NMS"
"499","Xylem Inc.","XYL","Industrials","NYQ"
"500","Yum! Brands, Inc.","YUM","Consumer Cyclical","NYQ"
"501","Zebra Technologies Corporation","ZBRA","Technology","NMS"
"502","Zimmer Biomet Holdings, Inc.","ZBH","Healthcare","NYQ"
"503","Zoetis Inc.","ZTS","Healthcare","NYQ"
